Submission id,Participant id,Status,Custom study tncs accepted at,Started at,Completed at,Reviewed at,Archived at,Time taken,Completion code,Total approvals,Primary language,Fluent languages,Age,Sex,Ethnicity simplified,Country of birth,Country of residence,Nationality,Language,Student status,Employment status
6a18e17b6ce93bc6c5e4b3ce,5cb5e6927a92c500015c0de1,APPROVED,Not Applicable,2026-05-29T00:49:06.536000Z,2026-05-29T00:50:51.745000Z,2026-05-29T19:48:58.135000Z,2026-05-29T00:50:52.087582Z,106.0,C1M8S19P,12069,English,English,45,Female,White,United States,United States,Norway,English,DATA_EXPIRED,DATA_EXPIRED
6a18e17e757080dab217b62b,6a0fa14c5b41a3ae00202b08,APPROVED,Not Applicable,2026-05-29T00:44:49.527000Z,2026-05-29T00:48:25.886000Z,2026-05-29T19:46:37.122000Z,2026-05-29T00:48:26.240471Z,217.0,C1M8S19P,20,English,English,21,Female,White,Canada,Canada,Canada,English,Yes,Due to start a new job within the next month
6a18e17f6d42777e01b821a1,60009ee6d7db7017e5bbadd1,APPROVED,Not Applicable,2026-05-29T00:44:52.420000Z,2026-05-29T00:46:47.437000Z,2026-05-29T19:47:13.305000Z,2026-05-29T00:46:47.765995Z,116.0,C1M8S19P,2707,English,English,29,Male,Mixed,New Zealand,New Zealand,New Zealand,English,No,Full-Time
6a18e17ff7c04a4b3e9c2763,67a7d4e19fee63cbe222ae02,APPROVED,Not Applicable,2026-05-29T00:51:27.562000Z,2026-05-29T00:56:16.150000Z,2026-05-29T19:49:03.749000Z,2026-05-29T00:56:16.526330Z,289.0,C1M8S19P,2760,English,"English, Spanish",23,Male,Mixed,United States,United States,United States,English,DATA_EXPIRED,DATA_EXPIRED
6a18e1808bcf7664e34574b3,5d537c0cecc84200153075e9,APPROVED,Not Applicable,2026-05-29T00:45:04.982000Z,2026-05-29T00:48:20.135000Z,2026-05-29T19:47:38.360000Z,2026-05-29T00:48:20.477459Z,196.0,C1M8S19P,16923,English,"Spanish, English",46,Female,Mixed,United States,United States,United States,English,DATA_EXPIRED,DATA_EXPIRED
6a18e180a25ddb1241f90d9a,6a164661582f679fac316681,APPROVED,Not Applicable,2026-05-29T00:45:01.776000Z,2026-05-29T00:47:42.963000Z,2026-05-29T19:47:37.900000Z,2026-05-29T00:47:43.295154Z,162.0,C1M8S19P,12,English,English,19,Female,White,United Kingdom,United Kingdom,United Kingdom,English,Yes,Unemployed (and job seeking)
6a18e181c6f51607d640716c,69f8f44c913001399d8c3d60,APPROVED,Not Applicable,2026-05-29T00:45:04.480000Z,2026-05-29T00:49:30.507000Z,2026-05-29T19:47:59.007000Z,2026-05-29T00:49:30.838465Z,267.0,C1M8S19P,205,English,English,24,Female,White,United States,United States,United States,English,No,Part-Time
6a18e181dc3c437eaf016d86,69b735362fb0d16084d1a68d,APPROVED,Not Applicable,2026-05-29T00:45:01.030000Z,2026-05-29T00:48:47.591000Z,2026-05-29T19:47:37.224000Z,2026-05-29T00:48:47.950999Z,227.0,C1M8S19P,542,English,English,38,Male,White,United States,United States,United States,English,No,Full-Time
6a18e1822fdedab532d72da5,663a7dc83986ee24fb6ec0e6,APPROVED,Not Applicable,2026-05-29T00:45:00.499000Z,2026-05-29T00:47:13.535000Z,2026-05-29T19:47:58.478000Z,2026-05-29T00:47:13.896346Z,134.0,C1M8S19P,10672,English,English,41,Male,Mixed,United States,United States,United States,English,No,Full-Time
6a18e182ce3d6d83b4976a94,69c1301bd2f8a8a76342436f,APPROVED,Not Applicable,2026-05-29T00:44:59.350000Z,2026-05-29T00:48:37.483000Z,2026-05-29T19:47:16.548000Z,2026-05-29T00:48:37.876610Z,219.0,C1M8S19P,354,English,English,27,Male,White,Canada,Canada,Canada,English,No,Part-Time
6a18e1834826405048bad5d3,69f095b706facc9cd1f2c5b7,APPROVED,Not Applicable,2026-05-29T00:44:58.107000Z,2026-05-29T00:49:42.639000Z,2026-05-29T19:47:15.220000Z,2026-05-29T00:49:43.020065Z,285.0,C1M8S19P,77,English,English,28,Female,Black,Nigeria,Canada,Canada,English,No,Full-Time
6a18e183a478924805056643,65146240be1506a477a3818e,APPROVED,Not Applicable,2026-05-29T00:44:55.468000Z,2026-05-29T00:46:51.308000Z,2026-05-29T19:46:39.446000Z,2026-05-29T00:46:51.647114Z,116.0,C1M8S19P,569,English,English,40,Male,White,Canada,Canada,Canada,English,No,Full-Time
6a18e184785b62f1722fbaab,665e956909ccfee1b9d2dfd2,APPROVED,Not Applicable,2026-05-29T00:44:57.966000Z,2026-05-29T00:47:34.286000Z,2026-05-29T19:47:35.403000Z,2026-05-29T00:47:34.612210Z,157.0,C1M8S19P,3718,"English, Korean","English, Korean",42,Male,Asian,Korea,United States,United States,English,DATA_EXPIRED,DATA_EXPIRED
6a18e184d4c3edbb259bad65,65e8cf8f4c7424fa062e54a3,APPROVED,Not Applicable,2026-05-29T00:44:56.434000Z,2026-05-29T00:48:23.897000Z,2026-05-29T19:47:14.478000Z,2026-05-29T00:48:24.304732Z,208.0,C1M8S19P,5179,English,English,32,Female,White,United States,United States,United States,English,DATA_EXPIRED,Part-Time
6a18e184f034478f84db64ae,5c1942e200849900010afdcd,APPROVED,Not Applicable,2026-05-29T00:44:54.482000Z,2026-05-29T00:46:41.735000Z,2026-05-29T19:47:13.873000Z,2026-05-29T00:46:42.060950Z,108.0,C1M8S19P,8627,English,English,27,Male,White,United States,United States,United States,English,DATA_EXPIRED,DATA_EXPIRED
6a18e1854ae1cd6ae911cbd4,67b60f63759e4a2a6d5cd14e,APPROVED,Not Applicable,2026-05-29T00:44:53.920000Z,2026-05-29T00:47:59.602000Z,2026-05-29T19:46:38.351000Z,2026-05-29T00:47:59.947005Z,186.0,C1M8S19P,2368,English,English,70,Male,White,Canada,Canada,Canada,English,No,"Not in paid work (e.g. homemaker', 'retired or disabled)"
6a18e185853cd9238192ce6b,5e63e793e50a6316a75213c4,APPROVED,Not Applicable,2026-05-29T00:44:56.181000Z,2026-05-29T00:49:02.236000Z,2026-05-29T19:47:34.544000Z,2026-05-29T00:49:02.582511Z,247.0,C1M8S19P,4732,English,English,36,Male,White,United States,United States,United States,English,DATA_EXPIRED,DATA_EXPIRED
6a18e185a15905ffa1e5d828,6a082bce62ec4f51e9e979fc,APPROVED,Not Applicable,2026-05-29T00:45:22.474000Z,2026-05-29T00:50:49.765000Z,2026-05-29T19:48:01.198000Z,2026-05-29T00:50:50.094853Z,328.0,C1M8S19P,16,English,English,26,Male,White,Canada,Canada,Canada,English,No,Part-Time
6a18e18694dab75ecb8b66b1,6a08cbfafd1950ac6e92a7b4,APPROVED,Not Applicable,2026-05-29T00:44:58.782000Z,2026-05-29T00:48:12.200000Z,2026-05-29T19:47:16.017000Z,2026-05-29T00:48:12.574096Z,194.0,C1M8S19P,19,English,English,27,Female,White,Canada,Canada,Canada,English,No,Other
6a18e1869c9164bd6086dcdd,69419ffdfdfb97e0bf9cca18,APPROVED,Not Applicable,2026-05-29T00:44:58.199000Z,2026-05-29T00:46:50.474000Z,2026-05-29T19:47:57.968000Z,2026-05-29T00:46:50.864783Z,113.0,C1M8S19P,750,English,English,31,Male,Asian,United States,United States,United States,English,No,Unemployed (and job seeking)
6a18e186bbedfacce6f46443,6a04656102bf0cf60e9b2c58,APPROVED,Not Applicable,2026-05-29T00:44:56.953000Z,2026-05-29T00:48:11.865000Z,2026-05-29T19:46:41.003000Z,2026-05-29T00:48:12.204196Z,195.0,C1M8S19P,215,English,English,27,Male,Asian,United States,United States,China,English,No,Unemployed (and job seeking)
6a18e1875db829dd0e59b4f7,657f5cb338e31904b66cd970,APPROVED,Not Applicable,2026-05-29T00:44:59.238000Z,2026-05-29T00:48:32.743000Z,2026-05-29T19:47:36.067000Z,2026-05-29T00:48:33.102171Z,214.0,C1M8S19P,7952,English,English,48,Female,White,United States,United States,United States,English,No,"Not in paid work (e.g. homemaker', 'retired or disabled)"
6a18e187911fae42b8e65cfb,5f31371991595a5ebca006cb,APPROVED,Not Applicable,2026-05-29T00:44:59.948000Z,2026-05-29T00:47:56.506000Z,2026-05-29T19:47:17.027000Z,2026-05-29T00:47:56.889781Z,177.0,C1M8S19P,4552,English,English,50,Female,White,United States,United States,United States,English,No,Full-Time
6a18e187df1afc61f2648e33,6a0102a61a9cddc2b509e682,APPROVED,Not Applicable,2026-05-29T00:44:59.409000Z,2026-05-29T00:48:44.063000Z,2026-05-29T19:48:21.677000Z,2026-05-29T00:48:44.412235Z,225.0,C1M8S19P,228,English,English,27,Male,White,United States,United States,United States,English,No,Part-Time
6a18e188757080dab217b62d,5e39d872793a082024d9cf18,APPROVED,Not Applicable,2026-05-29T00:45:00.648000Z,2026-05-29T00:48:42.518000Z,2026-05-29T19:47:18.124000Z,2026-05-29T00:48:42.841409Z,222.0,C1M8S19P,13790,English,English,45,Male,White,United States,United States,United States,English,Yes,Full-Time
6a18e189137902acc3b4e4d1,69ee2c0e9772a221d8e8b945,APPROVED,Not Applicable,2026-05-29T00:45:00.482000Z,2026-05-29T00:47:23.538000Z,2026-05-29T19:47:17.622000Z,2026-05-29T00:47:23.919968Z,144.0,C1M8S19P,561,English,English,27,Female,White,United States,United States,United States,English,Yes,Full-Time
6a18e1895f520b6993f1c254,66465999853f99e3f05d5b3a,APPROVED,Not Applicable,2026-05-29T00:45:00.121000Z,2026-05-29T00:47:35.871000Z,2026-05-29T19:47:36.586000Z,2026-05-29T00:47:36.198208Z,156.0,C1M8S19P,5632,English,English,31,Prefer not to say,White,United States,United States,United States,English,No,Full-Time
6a18e18a785b62f1722fbaae,69e6477cd3e05ddf429da7cd,RETURNED,Not Applicable,2026-05-29T00:45:02.098000Z,,,2026-06-02T23:53:04.700340Z,,,353,CONSENT_REVOKED,CONSENT_REVOKED,CONSENT_REVOKED,CONSENT_REVOKED,CONSENT_REVOKED,CONSENT_REVOKED,CONSENT_REVOKED,CONSENT_REVOKED,CONSENT_REVOKED,CONSENT_REVOKED,CONSENT_REVOKED
6a18e18b41af5e71d692b5ee,6a0e96386d642c719c99fc47,APPROVED,Not Applicable,2026-05-29T00:47:45.913000Z,2026-05-29T00:50:46.313000Z,2026-05-29T19:48:54.255000Z,2026-05-29T00:50:46.707034Z,181.0,C1M8S19P,27,English,English,19,Male,Asian,Australia,Australia,China,English,Yes,Other
6a18e18ba9d67f0fd150bb70,696018495837088e840652e0,APPROVED,Not Applicable,2026-05-29T00:45:08.558000Z,2026-05-29T00:48:09.675000Z,2026-05-29T19:47:59.568000Z,2026-05-29T00:48:10.013552Z,182.0,C1M8S19P,846,English,English,21,Male,White,United States,United States,United States,English,Yes,Unemployed (and job seeking)
6a18e18c637e71e23f678f87,5d1511f1e814b800016108a6,APPROVED,Not Applicable,2026-05-29T00:45:06.562000Z,2026-05-29T00:48:24.554000Z,2026-05-29T19:47:38.960000Z,2026-05-29T00:48:24.890113Z,198.0,C1M8S19P,16843,English,English,70,Male,White,United States,United States,United States,English,No,Full-Time
6a18e18c93e18af53fca3fa2,657f007d38e31904b66cc7ac,APPROVED,Not Applicable,2026-05-29T00:45:04.735000Z,2026-05-29T00:49:55.711000Z,2026-05-29T19:47:19.613000Z,2026-05-29T00:49:56.036011Z,291.0,C1M8S19P,6371,English,English,53,Female,White,United States,United States,United States,English,No,Part-Time
6a18e18c94f882f273560633,67e6bc676fb4db70edc23b5b,RETURNED,Not Applicable,2026-05-29T00:45:07.161000Z,,,2026-06-02T23:53:04.701418Z,,,3145,CONSENT_REVOKED,CONSENT_REVOKED,CONSENT_REVOKED,CONSENT_REVOKED,CONSENT_REVOKED,CONSENT_REVOKED,CONSENT_REVOKED,CONSENT_REVOKED,CONSENT_REVOKED,CONSENT_REVOKED,CONSENT_REVOKED
6a18e18d76d6d441425fcc1f,6a136aea5827df00a4280f08,APPROVED,Not Applicable,2026-05-29T00:45:05.677000Z,2026-05-29T00:47:30.228000Z,2026-05-29T19:47:20.967000Z,2026-05-29T00:47:30.591468Z,145.0,C1M8S19P,102,English,English,22,Female,White,United States,United States,United States,English,No,Part-Time
6a18e18d8e1cc96d5b58b851,67c535ec3af64efa48e9a601,APPROVED,Not Applicable,2026-05-29T00:45:01.035000Z,2026-05-29T00:48:14.189000Z,2026-05-29T19:47:18.653000Z,2026-05-29T00:48:14.557384Z,194.0,C1M8S19P,1916,English,"Chinese, English",19,Female,Asian,China,Canada,Canada,English,Yes,Part-Time
6a18e18db027fe1580651409,6a119bc0a5cfc8ded4eb19cf,APPROVED,Not Applicable,2026-05-29T00:45:01.471000Z,2026-05-29T00:48:50.476000Z,2026-05-29T19:48:22.412000Z,2026-05-29T00:48:50.834487Z,230.0,C1M8S19P,53,English,"Romanian, English",34,Male,White,Romania,United Kingdom,Romania,English,No,Full-Time
6a18e18e5c767d126dcf21d3,67924313eb24f3a077d26376,APPROVED,Not Applicable,2026-05-29T00:45:06.325000Z,2026-05-29T00:56:39.136000Z,2026-05-29T19:48:32.964000Z,2026-05-29T00:56:39.475004Z,693.0,C1M8S19P,2646,English,English,54,Female,White,United States,United States,United States,English,No,Full-Time
6a18e18e70f53dd1ba230dfe,5d0f7a1297384f00195a5478,APPROVED,Not Applicable,2026-05-29T00:45:10.236000Z,2026-05-29T00:48:01.329000Z,2026-05-29T19:47:39.957000Z,2026-05-29T00:48:01.684267Z,172.0,C1M8S19P,178,English,English,49,Male,White,United States,United States,United States,English,No,Full-Time
6a18e18f768432417ead4f74,6913b78c7ce6ffb89602b605,APPROVED,Not Applicable,2026-05-29T00:45:20.366000Z,2026-05-29T00:52:13.248000Z,2026-05-29T19:48:23.903000Z,2026-05-29T00:52:14.708019Z,413.0,C1M8S19P,796,English,English,33,Female,Black,Australia,Australia,Australia,English,No,Part-Time
6a18e18fafb61d92127b1343,6a04f89ba144647dde2c8ffc,APPROVED,Not Applicable,2026-05-29T00:45:07.685000Z,2026-05-29T00:48:02.186000Z,2026-05-29T19:47:22.693000Z,2026-05-29T00:48:02.518597Z,175.0,C1M8S19P,27,English,English,25,Male,Black,United Kingdom,United Kingdom,United Kingdom,English,No,Other
6a18e19009cc3dc5c6c34719,69f4c0f5f00dfaaf110a20ae,APPROVED,Not Applicable,2026-05-29T00:45:07.181000Z,2026-05-29T00:48:18.803000Z,2026-05-29T19:47:22.106000Z,2026-05-29T00:48:19.128496Z,192.0,C1M8S19P,415,English,English,37,Male,White,United States,United States,United States,English,No,Unemployed (and job seeking)
6a18e1902555f128a2957e8f,69b02c8f3094c9f6ee11df61,APPROVED,Not Applicable,2026-05-29T00:45:09.901000Z,2026-05-29T00:49:26.934000Z,2026-05-29T19:48:23.078000Z,2026-05-29T00:49:27.424698Z,258.0,C1M8S19P,488,English,English,48,Female,Mixed,Canada,Canada,Guyana,English,No,Full-Time
6a18e1921a07705fad91d0e1,69f853db20166b94c6786046,APPROVED,Not Applicable,2026-05-29T00:45:08.938000Z,2026-05-29T00:46:49.602000Z,2026-05-29T19:47:39.501000Z,2026-05-29T00:46:49.940530Z,101.0,C1M8S19P,226,English,English,30,Female,White,United States,United States,United States,English,No,"Not in paid work (e.g. homemaker', 'retired or disabled)"
6a18e19394dab75ecb8b66b3,6a0391f294f87f0b189b0ce3,APPROVED,Not Applicable,2026-05-29T00:45:11.895000Z,2026-05-29T00:48:23.729000Z,2026-05-29T19:48:00.175000Z,2026-05-29T00:48:24.074015Z,192.0,C1M8S19P,142,English,English,41,Male,White,United States,United States,United States,English,No,"Not in paid work (e.g. homemaker', 'retired or disabled)"
6a18e19565d7799d5c7d3428,5f11eb333c6e2c0df5b92270,APPROVED,Not Applicable,2026-05-29T00:45:12.580000Z,2026-05-29T00:48:07.993000Z,2026-05-29T19:48:33.564000Z,2026-05-29T00:48:08.315822Z,176.0,C1M8S19P,3344,English,English,25,Female,White,United Kingdom,United Kingdom,United Kingdom,English,No,Unemployed (and job seeking)
6a18e198d364c2672b9a6b2c,6a12026ff8780f45e5c105c1,APPROVED,Not Applicable,2026-05-29T00:45:18.374000Z,2026-05-29T00:49:44.092000Z,2026-05-29T19:47:41.130000Z,2026-05-29T00:50:38.769624Z,266.0,C1M8S19P,51,English,English,67,Female,White,United States,United States,United States,English,No,Other
6a18e199143832d14dd0bda3,69dce9d5d84099b58bd035b3,APPROVED,Not Applicable,2026-05-29T00:45:19.652000Z,2026-05-29T00:49:50.729000Z,2026-05-29T19:47:41.866000Z,2026-05-29T00:49:51.069059Z,272.0,C1M8S19P,126,English,English,41,Female,White,Canada,Canada,Canada,English,No,Full-Time
6a18e1992986d51a9f8d9f7e,663230c49c03d1591ce2b92b,APPROVED,Not Applicable,2026-05-29T00:45:16.515000Z,2026-05-29T00:48:50.307000Z,2026-05-29T19:48:00.700000Z,2026-05-29T00:48:50.633425Z,214.0,C1M8S19P,3810,English,English,42,Female,White,United States,United States,United States,English,No,"Not in paid work (e.g. homemaker', 'retired or disabled)"
6a18e19b90345838318ea1eb,69fd502ade7763b4307a98af,APPROVED,Not Applicable,2026-05-29T00:45:21.517000Z,2026-05-29T00:49:30.003000Z,2026-05-29T19:47:43.227000Z,2026-05-29T00:49:30.366608Z,249.0,C1M8S19P,20,English,English,44,Female,Black,United States,United States,United States,English,No,Full-Time
6a18e19c67bd1de59a17b5f3,69fe3fd664e08443bb68c739,APPROVED,Not Applicable,2026-05-29T00:45:21.708000Z,2026-05-29T00:50:25.549000Z,2026-05-29T19:47:44.401000Z,2026-05-29T00:50:25.927083Z,304.0,C1M8S19P,4,English,English,29,Female,White,United States,United States,United States,English,No,"Not in paid work (e.g. homemaker', 'retired or disabled)"
6a18e19f8f6f25b5f38cb43b,6444b1e677ebe8b4e2c23abd,APPROVED,Not Applicable,2026-05-29T00:47:01.599000Z,2026-05-29T00:49:11.349000Z,2026-05-29T19:48:47.126000Z,2026-05-29T00:49:11.690251Z,130.0,C1M8S19P,10322,English,English,55,Female,Black,United States,United States,United States,English,DATA_EXPIRED,DATA_EXPIRED
6a18e1a09707ac6c887d4bba,6986410c79b93ba918a50bde,APPROVED,Not Applicable,2026-05-29T00:45:24.728000Z,2026-05-29T00:51:28.142000Z,2026-05-29T19:48:35.005000Z,2026-05-29T00:51:28.506960Z,364.0,C1M8S19P,1880,English,English,65,Female,White,United States,United States,United States,English,No,"Not in paid work (e.g. homemaker', 'retired or disabled)"
6a18e1a1108b8c339eca7f66,6a09bb85a9ed1b53c9d4475c,APPROVED,Not Applicable,2026-05-29T00:46:23.178000Z,2026-05-29T00:52:34.890000Z,2026-05-29T19:48:41.282000Z,2026-05-29T00:52:35.234953Z,372.0,C1M8S19P,35,English,English,19,Female,White,Canada,Canada,Canada,English,Yes,Unemployed (and job seeking)
6a18e1a1b8ce01d999d88f10,66592dfcb3c1b6f73d81495c,APPROVED,Not Applicable,2026-05-29T00:46:13.139000Z,2026-05-29T00:52:46.882000Z,2026-05-29T19:48:26.166000Z,2026-05-29T00:52:47.235781Z,394.0,C1M8S19P,6326,English,English,53,Male,White,United States,United States,United States,English,No,DATA_EXPIRED
6a18e1a2108b8c339eca7f68,63d7cc4af906d9f7158dfc7c,APPROVED,Not Applicable,2026-05-29T00:45:25.590000Z,2026-05-29T00:47:53.538000Z,2026-05-29T19:48:24.344000Z,2026-05-29T00:47:53.873435Z,148.0,C1M8S19P,7563,English,English,32,Male,White,United States,United States,United States,English,No,Full-Time
6a18e1a3c1828ad397f8ed93,69fae3d326bd82ffd19d2578,APPROVED,Not Applicable,2026-05-29T00:45:35.834000Z,2026-05-29T00:48:34.327000Z,2026-05-29T19:48:02.747000Z,2026-05-29T00:48:34.653348Z,179.0,C1M8S19P,206,English,English,33,Female,White,United States,United States,United States,English,No,Unemployed (and job seeking)
6a18e1a4a018ca81258e4dcb,6a0523086d51c818a16cb7a4,APPROVED,Not Applicable,2026-05-29T00:45:24.604000Z,2026-05-29T00:47:26.697000Z,2026-05-29T19:47:43.664000Z,2026-05-29T00:47:27.053814Z,123.0,C1M8S19P,235,English,English,29,Male,Prefer not to say,United States,United States,United States,English,No,Unemployed (and job seeking)
6a18e1a6cb21ece774b7d475,69fcef1a37fa87b5e6cf2426,APPROVED,Not Applicable,2026-05-29T00:45:31.614000Z,2026-05-29T00:48:58.311000Z,2026-05-29T19:47:44.924000Z,2026-05-29T00:48:58.639960Z,207.0,C1M8S19P,256,English,English,53,Female,White,United States,United States,United States,English,No,"Not in paid work (e.g. homemaker', 'retired or disabled)"
6a18e1a8f2cc6718249ca188,5edeea354d54cb1a825aa8f9,APPROVED,Not Applicable,2026-05-29T00:45:33.290000Z,2026-05-29T00:50:57.488000Z,2026-05-29T19:48:36.323000Z,2026-05-29T00:50:57.831436Z,325.0,C1M8S19P,10008,English,"English, Urdu, Punjabi",49,Male,Asian,Pakistan,United Kingdom,United Kingdom,English,No,Full-Time
6a18e1a951286a9dbac3471e,61708d64f22ea71cf456bfe2,APPROVED,Not Applicable,2026-05-29T00:45:34.879000Z,2026-05-29T00:47:56.763000Z,2026-05-29T19:48:25.128000Z,2026-05-29T00:47:57.109098Z,142.0,C1M8S19P,849,English,"English, Vietnamese",30,Female,Asian,Canada,Canada,Canada,English,DATA_EXPIRED,DATA_EXPIRED
6a18e1add3f76c22d7678f7b,69e74dc0d2553aaa8aba20d1,APPROVED,Not Applicable,2026-05-29T00:45:37.013000Z,2026-05-29T00:59:13.581000Z,2026-05-29T19:48:37.870000Z,2026-05-29T00:59:13.905598Z,817.0,C1M8S19P,1,English,"English, Chinese, Cantonese, Malay",25,Male,Asian,Malaysia,Australia,Malaysia,English,No,Part-Time
6a18e1b1e88a74186271650c,6a0b7f103846830e5cdf8b43,APPROVED,Not Applicable,2026-05-29T00:45:49.057000Z,2026-05-29T00:49:46.088000Z,2026-05-29T19:48:39.178000Z,2026-05-29T00:49:46.506764Z,238.0,C1M8S19P,1,English,English,32,Male,White,Ireland,Ireland,Ireland,English,No,Part-Time
6a18e1b2e6b6bfa91cfe16ea,69c19ed8fe7cf129fc3237d5,APPROVED,Not Applicable,2026-05-29T00:45:43.838000Z,2026-05-29T00:50:00.110000Z,2026-05-29T19:48:25.565000Z,2026-05-29T00:50:00.508339Z,257.0,C1M8S19P,451,English,English,43,Female,White,United States,United States,United States,English,No,Full-Time
6a18e1b56bc30398af3391ec,6a158c92186601762fd48959,APPROVED,Not Applicable,2026-05-29T00:46:43.202000Z,2026-05-29T00:51:27.442000Z,2026-05-29T19:48:31.177000Z,2026-05-29T08:28:46.119727Z,285.0,C1M8S19P,22,English,English,25,Male,Mixed,United Kingdom,United Kingdom,United Kingdom,English,No,Full-Time
6a18e1b5f0fd4af1a68adc23,69b0bb074b7e2c1a42cc1a00,APPROVED,Not Applicable,2026-05-29T00:45:47.786000Z,2026-05-29T00:50:48.002000Z,2026-05-29T19:48:04.403000Z,2026-05-29T00:50:48.366143Z,301.0,C1M8S19P,957,English,English,32,Male,White,United States,United States,United States,English,No,Part-Time
6a18e1be9ae5e7affc489de2,69f132c7c750d3abc3c7bf4a,APPROVED,Not Applicable,2026-05-29T00:45:53.482000Z,2026-05-29T00:50:36.977000Z,2026-05-29T19:48:05.638000Z,2026-05-29T00:50:37.329781Z,284.0,C1M8S19P,540,English,English,30,Male,White,United States,United States,United States,English,No,Full-Time
6a18e1cff1f3040da298fa26,69fc9f35a5169fb07e926e6d,APPROVED,Not Applicable,2026-05-29T00:46:14.179000Z,2026-05-29T00:50:58.901000Z,2026-05-29T19:48:07.321000Z,2026-05-29T00:50:59.271345Z,285.0,C1M8S19P,42,English,English,32,Female,Black,Nigeria,Canada,Nigeria,English,No,Full-Time
6a18e1da548935a5a0960e59,6a1670d5426ef584899a2422,APPROVED,Not Applicable,2026-05-29T00:46:21.727000Z,2026-05-29T00:50:28.769000Z,2026-05-29T19:48:39.772000Z,2026-05-29T00:50:29.127326Z,248.0,C1M8S19P,23,English,English,19,Female,White,United States,United States,United States,English,Yes,Part-Time
6a18e1da9e7af50e114c5620,6a16469b64aff312f167f268,APPROVED,Not Applicable,2026-05-29T00:46:33.361000Z,2026-05-29T00:53:09.631000Z,2026-05-29T19:48:27.348000Z,2026-05-29T00:53:09.972815Z,397.0,C1M8S19P,3,English,English,20,Male,Mixed,Canada,Canada,Canada,English,Yes,Unemployed (and job seeking)
6a18e1dc981b865ce1bfa5aa,6a0c988df4879a3545b7a1b7,APPROVED,Not Applicable,2026-05-29T00:46:23.096000Z,2026-05-29T00:50:15.558000Z,2026-05-29T19:48:26.745000Z,2026-05-29T00:50:15.994063Z,233.0,C1M8S19P,6,English,English,41,Male,White,United Kingdom,United Kingdom,United Kingdom,English,No,Part-Time
6a18e1dea0472ffefcc58d4c,6a079970ac992b042d2fbf8c,APPROVED,Not Applicable,2026-05-29T00:46:33.936000Z,2026-05-29T00:50:04.293000Z,2026-05-29T19:48:41.763000Z,2026-05-29T00:50:04.649087Z,211.0,C1M8S19P,6,English,English,66,Female,White,Australia,Australia,Australia,English,No,Part-Time
6a18e1e49a94ab5210e4b8ed,6a0a45a227f9f15c25e4fe2c,APPROVED,Not Applicable,2026-05-29T00:46:40.137000Z,2026-05-29T00:50:49.228000Z,2026-05-29T19:48:29.120000Z,2026-05-29T00:50:49.570156Z,250.0,C1M8S19P,7,English,English,55,Female,Black,United States,United States,United States,English,No,Unemployed (and job seeking)
6a18e1ef135aa3c0bd3fb48b,6631382e83473f9fd28046a1,APPROVED,Not Applicable,2026-05-29T00:46:44.839000Z,2026-05-29T00:50:04.899000Z,2026-05-29T19:48:43.228000Z,2026-05-29T00:50:05.245104Z,201.0,C1M8S19P,2125,English,English,60,Male,White,United States,United States,United States,English,DATA_EXPIRED,DATA_EXPIRED
6a18e1ef9c9164bd6086dce7,6a0ec0169971861bfcfa6c86,APPROVED,Not Applicable,2026-05-29T00:47:01.057000Z,2026-05-29T00:52:41.024000Z,2026-05-29T19:48:48.391000Z,2026-05-29T00:52:41.399334Z,340.0,C1M8S19P,2,English,English,67,Female,White,Australia,Australia,Australia,English,DATA_EXPIRED,DATA_EXPIRED
6a18e1f46b2ec541a7f17a31,6742d74e9f7b3b029a3791a6,RETURNED,Not Applicable,2026-05-29T00:53:24.085000Z,,,2026-06-02T23:53:04.701529Z,,,3869,CONSENT_REVOKED,CONSENT_REVOKED,CONSENT_REVOKED,CONSENT_REVOKED,CONSENT_REVOKED,CONSENT_REVOKED,CONSENT_REVOKED,CONSENT_REVOKED,CONSENT_REVOKED,CONSENT_REVOKED,CONSENT_REVOKED
6a18e1f4f19604c75200f77f,69e7db68324acdb3ecbe1dec,APPROVED,Not Applicable,2026-05-29T00:46:54.172000Z,2026-05-29T00:50:26.272000Z,2026-05-29T19:48:46.060000Z,2026-05-29T00:50:26.667063Z,213.0,C1M8S19P,30,English,English,53,Female,White,Canada,Canada,Canada,English,No,Part-Time
6a18e1f6bbd774932ebf8307,6a04bae6ebdba75ebbb086b5,APPROVED,Not Applicable,2026-05-29T00:46:50.872000Z,2026-05-29T00:57:15.017000Z,2026-05-29T19:48:45.567000Z,2026-05-29T00:57:15.374577Z,625.0,C1M8S19P,69,English,English,35,Female,Black,United States,United States,United States,English,Yes,Full-Time
6a18e1f79fdf82a8d96e3faa,672d0b418c61044a89038731,APPROVED,Not Applicable,2026-05-29T00:46:50.586000Z,2026-05-29T00:51:42.171000Z,2026-05-29T19:48:44.221000Z,2026-05-29T00:51:42.530319Z,292.0,C1M8S19P,404,English,English,25,Male,Black,United States,United States,United States,English,No,Full-Time
6a18e2030b66a69ad77f7dcf,55ecd6ff748092000daa9f5f,APPROVED,Not Applicable,2026-05-29T00:47:05.491000Z,2026-05-29T00:49:51.241000Z,2026-05-29T19:48:51.989000Z,2026-05-29T00:49:51.596462Z,166.0,C1M8S19P,17640,English,English,38,Male,White,United States,United States,United States,English,No,Full-Time
6a18e204a67172263ff90d60,69cdde3374a60973e857a260,APPROVED,Not Applicable,2026-05-29T00:47:04.692000Z,2026-05-29T00:49:51.874000Z,2026-05-29T19:48:50.639000Z,2026-05-29T00:49:52.224506Z,168.0,C1M8S19P,997,"English, Spanish",English,33,Male,White,United States,United States,Mexico,English,No,Full-Time
6a18e204f813f43f577d4bc3,69f0df91111c212bbfe2af9b,APPROVED,Not Applicable,2026-05-29T00:47:05.297000Z,2026-05-29T00:49:23.029000Z,2026-05-29T19:48:49.396000Z,2026-05-29T00:49:23.400177Z,138.0,C1M8S19P,129,English,English,39,Female,White,United States,United States,United States,English,No,Full-Time
6a18e205393c3d18ef91d0e6,6a0632eaaddb60fc1d2b8491,APPROVED,Not Applicable,2026-05-29T00:47:01.337000Z,2026-05-29T00:49:28.495000Z,2026-05-29T19:48:49.001000Z,2026-05-29T00:49:28.841553Z,148.0,C1M8S19P,23,English,English,23,Male,White,Ireland,Ireland,Ireland,English,Yes,Unemployed (and job seeking)
6a18e207a21b024ae270c9b8,69138fc0acb88a6d2a6f8fb8,APPROVED,Not Applicable,2026-05-29T00:47:06.730000Z,2026-05-29T00:49:27.860000Z,2026-05-29T19:48:51.490000Z,2026-05-29T00:49:28.222234Z,142.0,C1M8S19P,5683,English,English,28,Male,White,Canada,Canada,Canada,English,No,Full-Time
6a18e20a645516102937d7d7,5680253fc5767f00121cc5e2,APPROVED,Not Applicable,2026-05-29T00:48:13.034000Z,2026-05-29T00:51:00.266000Z,2026-05-29T19:49:00.188000Z,2026-05-29T00:51:00.596842Z,168.0,C1M8S19P,3558,English,English,50,Male,White,United States,United States,United States,English,No,Part-Time
6a18e20ac4fc80fe4149aa1c,5bb756696322c5000159756c,APPROVED,Not Applicable,2026-05-29T00:47:12.412000Z,2026-05-29T00:50:25.276000Z,2026-05-29T19:48:53.434000Z,2026-05-29T00:50:25.682775Z,193.0,C1M8S19P,9120,English,English,44,Male,White,United Kingdom,United Kingdom,United Kingdom,English,No,Full-Time
6a18e20af865573f4fcb1648,6a05ba89c966c0fa42d112d6,APPROVED,Not Applicable,2026-05-29T00:48:05.024000Z,2026-05-29T00:49:50.674000Z,2026-05-29T19:48:57.565000Z,2026-05-29T00:49:51.013635Z,106.0,C1M8S19P,272,English,English,28,Female,Black,United States,United States,United States,English,No,Unemployed (and job seeking)
6a18e21411222711cf42608a,58adfc6e7cf56d0001f931a2,APPROVED,Not Applicable,2026-05-29T00:47:18.786000Z,2026-05-29T00:52:33.545000Z,2026-05-29T19:48:54.963000Z,2026-05-29T00:52:33.874584Z,315.0,C1M8S19P,12072,English,English,29,Male,Black,United States,United States,United States,English,Yes,Unemployed (and job seeking)
6a18e23ae5edf55d3e4cf6ba,5e3ce0518134d00d50da79c6,APPROVED,Not Applicable,2026-05-29T00:48:01.796000Z,2026-05-29T00:53:53.242000Z,2026-05-29T19:48:57.135000Z,2026-05-29T00:53:53.568118Z,352.0,C1M8S19P,2107,English,English,31,Female,White,United States,United States,United States,English,Yes,Full-Time
6a18e2811a8b27843dfb97c8,69cdcd32bbe864ca57d6a407,APPROVED,Not Applicable,2026-05-29T00:49:09.636000Z,2026-05-29T00:52:18.794000Z,2026-05-29T19:49:01.475000Z,2026-05-29T00:52:19.153102Z,190.0,C1M8S19P,2177,English,English,23,Male,White,United States,United States,United States,English,Yes,Part-Time
6a18e28248aa4c9d4dd4c525,5a6ab0fbab58b500015f29db,APPROVED,Not Applicable,2026-05-29T00:52:11.304000Z,2026-05-29T00:55:59.889000Z,2026-05-29T19:49:06.635000Z,2026-05-29T00:56:00.238671Z,229.0,C1M8S19P,4855,English,English,46,Female,Mixed,United States,United States,United States,English,DATA_EXPIRED,DATA_EXPIRED
6a18e290107fdbd80a41766b,69b2e60cfb1d8c99a9ea6c07,APPROVED,Not Applicable,2026-05-29T00:50:41.340000Z,2026-05-29T00:52:50.278000Z,2026-05-29T19:49:02.818000Z,2026-05-29T00:52:50.648141Z,129.0,C1M8S19P,265,English,English,28,Male,Mixed,United States,United States,United States,English,No,Part-Time
6a18e2909470a25d2983170b,6a0ecc01f9487404d70e2adf,APPROVED,Not Applicable,2026-05-29T00:49:20.216000Z,2026-05-29T00:53:40.702000Z,2026-05-29T19:49:00.894000Z,2026-05-29T00:53:41.044250Z,261.0,C1M8S19P,4,English,English,50,Female,White,New Zealand,New Zealand,New Zealand,English,No,Full-Time
6a18e2fa2978c501f183c0dc,69f287f9f8b7ae0a1bf056c4,APPROVED,Not Applicable,2026-05-29T00:51:16.686000Z,2026-05-29T00:55:10.637000Z,2026-05-29T19:49:04.843000Z,2026-05-29T00:55:10.992752Z,234.0,C1M8S19P,350,English,English,42,Female,Black,United States,United States,United States,English,No,Part-Time
6a18e2fa4826405048bad5ea,69c407d4aeb2244057e5e0a0,APPROVED,Not Applicable,2026-05-29T00:51:55.580000Z,2026-05-29T00:55:47.071000Z,2026-05-29T19:49:06.204000Z,2026-05-29T00:55:47.432912Z,232.0,C1M8S19P,551,English,English,58,Female,White,United States,United States,United States,English,No,Part-Time
6a18e3e62965313276188160,5cee69353057030001b33fc4,RETURNED,Not Applicable,2026-05-29T00:55:37.973000Z,,,2026-06-02T23:53:04.703649Z,,,3119,CONSENT_REVOKED,CONSENT_REVOKED,CONSENT_REVOKED,CONSENT_REVOKED,CONSENT_REVOKED,CONSENT_REVOKED,CONSENT_REVOKED,CONSENT_REVOKED,CONSENT_REVOKED,CONSENT_REVOKED,CONSENT_REVOKED
6a18e3f6c774a244ad28405b,60f30a747b80c5af8f01df4f,APPROVED,Not Applicable,2026-05-29T00:55:28.824000Z,2026-05-29T00:58:19.781000Z,2026-05-29T19:49:07.741000Z,2026-05-29T00:58:20.102308Z,171.0,C1M8S19P,2213,English,English,54,Female,White,United States,United States,United States,English,No,Full-Time
6a18e42e399d08e19ab70051,6a06092bc8cd1e84638b5306,APPROVED,Not Applicable,2026-05-29T00:56:32.280000Z,2026-05-29T01:00:28.487000Z,2026-05-29T19:49:09.669000Z,2026-05-29T01:00:28.847962Z,237.0,C1M8S19P,126,English,English,31,Male,White,United Kingdom,United Kingdom,United Kingdom,English,No,Full-Time
6a18e45fcb193875c138574b,581bd344930a280001062c90,APPROVED,Not Applicable,2026-05-29T00:57:07.979000Z,2026-05-29T01:00:20.836000Z,2026-05-29T19:49:10.467000Z,2026-05-29T01:00:21.168406Z,193.0,C1M8S19P,6407,English,English,42,Female,Mixed,United States,United States,United States,English,No,Full-Time
6a18e4d49104c6d08453fea1,6a00c716309f89c3bd73cef4,TIMED-OUT,Not Applicable,2026-05-29T00:59:03.005000Z,,,2026-06-02T23:53:04.704332Z,428042.0,,446,English,"English, Korean",28,Male,Asian,United States,United States,United States,English,Yes,Full-Time
6a18e53347b62fd140e100fa,66dbe0d85afada72ecb65638,RETURNED,Not Applicable,2026-05-29T01:11:00.015000Z,,,2026-06-02T23:53:04.706560Z,,,3172,CONSENT_REVOKED,CONSENT_REVOKED,CONSENT_REVOKED,CONSENT_REVOKED,CONSENT_REVOKED,CONSENT_REVOKED,CONSENT_REVOKED,CONSENT_REVOKED,CONSENT_REVOKED,CONSENT_REVOKED,CONSENT_REVOKED
6a18e626c3fe056a0b9c8288,5f29eff59714081a3594a331,APPROVED,Not Applicable,2026-05-29T01:04:38.133000Z,2026-05-29T01:08:34.904000Z,2026-05-29T19:49:12.799000Z,2026-05-29T01:08:35.220909Z,237.0,C1M8S19P,2978,"English, Other","English, Malay",39,Male,Other,New Zealand,New Zealand,New Zealand,English,DATA_EXPIRED,DATA_EXPIRED
6a18e64e5b2716007c4df6e9,5eace152e25d6800091dd418,APPROVED,Not Applicable,2026-05-29T01:05:18.438000Z,2026-05-29T01:19:02.058000Z,2026-05-29T19:49:10.940000Z,2026-05-29T01:19:02.603491Z,824.0,C1M8S19P,9226,English,English,47,Female,Black,United States,United States,United States,English,No,DATA_EXPIRED
6a18e72cad5ee8b8a575f186,6689c0517b434cf8f3558044,APPROVED,Not Applicable,2026-05-29T01:09:06.095000Z,2026-05-29T01:14:49.402000Z,2026-05-29T19:49:14.628000Z,2026-05-29T01:14:49.731446Z,344.0,C1M8S19P,184,English,English,30,Female,White,Canada,Canada,Canada,English,Yes,Full-Time
6a18e7a9f3e3e021fdae603b,631bf371cafbcf75cee93374,APPROVED,Not Applicable,2026-05-29T01:11:09.196000Z,2026-05-29T01:13:02.076000Z,2026-05-29T19:49:13.638000Z,2026-05-29T01:13:02.415147Z,113.0,C1M8S19P,9605,English,"English, Spanish",27,Male,Mixed,United States,United States,United States,English,DATA_EXPIRED,DATA_EXPIRED
6a18e9172b0dfc4b120e5264,69f7bd1b21786a2fbce86380,APPROVED,Not Applicable,2026-05-29T01:17:16.673000Z,2026-05-29T01:20:06.495000Z,2026-05-29T19:49:16.469000Z,2026-05-29T01:20:06.868446Z,170.0,C1M8S19P,249,English,English,30,Female,Black,United States,United States,United States,English,No,Part-Time
6a18e941b9e9e6de69691efd,6966e05fce7c9a3a76291b13,APPROVED,Not Applicable,2026-05-29T01:17:53.615000Z,2026-05-29T01:20:16.763000Z,2026-05-29T19:49:14.155000Z,2026-05-29T01:20:17.676291Z,144.0,C1M8S19P,410,English,English,24,Prefer not to say,Prefer not to say,United States,United States,United States,English,No,DATA_EXPIRED
